{
    "leffingwell": {
        "auc": 0.8724119129063119
    },
    "mayhew_2022": {
        "auc": 0.9056929955290611
    },
    "gs-lf": {
        "auc": 0.8439869987448808
    },
    "abraham_2012": {
        "r2": 0.6411565363017,
        "prs": 0.8069860791891582
    },
    "arctander_1960": [],
    "aromadb_odor": {
        "auc": 0.5147796988287786
    },
    "flavornet": [],
    "ifra_2019": [],
    "sharma_2021a": [],
    "sigma_2014": [],
    "keller_2016": []
}